frame,value
0,36.684750
average,36.684750