frame,value
0,42.319958
average,42.319958