frame,value
0,0.993427
average,0.993427