frame,value
0,0.983342
average,0.983342