frame,value
0,35.646328
average,35.646328