frame,value
0,0.694550
average,0.694550